Country,Deaths,Cases
"United States",1023736,89453076
Brazil,675090,33250117
India,525660,43730071
Russia,374062,18211383
"United Kingdom",181761,23160756
Italy,169735,19985479
France,150483,32737629
Germany,142533,29692989
Spain,109348,13090476
Turkey,99088,15297539
Vietnam,43090,10759145
Japan,31561,10102454
"South Korea",24728,18721415
